<?xml version="1.0" encoding="utf-8"?>
<annotation>
<folder>images</folder>
<filename>_4_7419818_Yxgu5e3</filename>
<source>
<database>MyDatabase</database>
<annotation>COCO2017</annotation>
<image>flickr</image>
<flickrid>NULL</flickrid>
<annotator>vilaksh01@gmail.com</annotator>
</source>
<owner>
<flickrid>NULL</flickrid>
<name>Label Studio</name>
</owner>
<size>
<width>500</width>
<height>500</height>
<depth>3</depth>
</size>
<segmented>0</segmented>
<object>
<name>oto</name>
<pose>Unspecified</pose>
<truncated>0</truncated>
<difficult>0</difficult>
<bndbox>
<xmin>139</xmin>
<ymin>164</ymin>
<xmax>412</xmax>
<ymax>424</ymax>
</bndbox>
</object>
</annotation>
