<?xml version="1.0" encoding="utf-8"?>
<annotation>
<folder>images</folder>
<filename>_5_5419327_2Pr7e0i</filename>
<source>
<database>MyDatabase</database>
<annotation>COCO2017</annotation>
<image>flickr</image>
<flickrid>NULL</flickrid>
<annotator>vilaksh01@gmail.com</annotator>
</source>
<owner>
<flickrid>NULL</flickrid>
<name>Label Studio</name>
</owner>
<size>
<width>500</width>
<height>500</height>
<depth>3</depth>
</size>
<segmented>0</segmented>
<object>
<name>oto</name>
<pose>Unspecified</pose>
<truncated>0</truncated>
<difficult>0</difficult>
<bndbox>
<xmin>186</xmin>
<ymin>75</ymin>
<xmax>418</xmax>
<ymax>429</ymax>
</bndbox>
</object>
</annotation>
