<?xml version="1.0" encoding="utf-8"?>
<annotation>
<folder>images</folder>
<filename>normal_493_rzBAhn8</filename>
<source>
<database>MyDatabase</database>
<annotation>COCO2017</annotation>
<image>flickr</image>
<flickrid>NULL</flickrid>
<annotator>vilaksh01@gmail.com</annotator>
</source>
<owner>
<flickrid>NULL</flickrid>
<name>Label Studio</name>
</owner>
<size>
<width>500</width>
<height>500</height>
<depth>3</depth>
</size>
<segmented>0</segmented>
<object>
<name>normal</name>
<pose>Unspecified</pose>
<truncated>0</truncated>
<difficult>0</difficult>
<bndbox>
<xmin>93</xmin>
<ymin>131</ymin>
<xmax>321</xmax>
<ymax>396</ymax>
</bndbox>
</object>
</annotation>
