{
  "images": [
    {
      "width": 500,
      "height": 500,
      "id": 0,
      "file_name": "images/_5_5419327_2Pr7e0i.png"
    },
    {
      "width": 500,
      "height": 500,
      "id": 1,
      "file_name": "images/normal_493_rzBAhn8.png"
    },
    {
      "width": 500,
      "height": 500,
      "id": 2,
      "file_name": "images/normal_159_JI7L44d.png"
    },
    {
      "width": 500,
      "height": 500,
      "id": 3,
      "file_name": "images/_4_7419818_Yxgu5e3.png"
    }
  ],
  "categories": [
    {
      "id": 0,
      "name": "oto"
    },
    {
      "id": 1,
      "name": "normal"
    }
  ],
  "annotations": [
    {
      "id": 0,
      "image_id": 0,
      "category_id": 0,
      "segmentation": [],
      "bbox": [
        186,
        75,
        232,
        354
      ],
      "ignore": 0,
      "iscrowd": 0,
      "area": 82128
    },
    {
      "id": 1,
      "image_id": 1,
      "category_id": 1,
      "segmentation": [],
      "bbox": [
        93,
        131,
        228,
        265
      ],
      "ignore": 0,
      "iscrowd": 0,
      "area": 60420
    },
    {
      "id": 2,
      "image_id": 2,
      "category_id": 1,
      "segmentation": [],
      "bbox": [
        117,
        123,
        294,
        304
      ],
      "ignore": 0,
      "iscrowd": 0,
      "area": 89376
    },
    {
      "id": 3,
      "image_id": 3,
      "category_id": 0,
      "segmentation": [],
      "bbox": [
        139,
        164,
        273,
        260
      ],
      "ignore": 0,
      "iscrowd": 0,
      "area": 70980
    }
  ],
  "info": {
    "year": 2021,
    "version": "1.0",
    "contributor": "Label Studio"
  }
}